{
    "description": "List of default models",
    "list": [{
        "path": "config/models/model-bdocs-cigal-2011-12.json",
        "value": "Modèle de fiche BdOCS CIGAL 2011/12",
        "value_fr": "Modèle de fiche BdOCS CIGAL 2011/12",
        "value_en": "BdOCS CIGAL 2011/12 model"
    },{
        "path": "config/models/model-empty.json",
        "value": "Modèle de fiche vierge",
        "value_fr": "Modèle de fiche vierge",
        "value_en": "Empty model"
    }, {
        "path": "config/models/model-cigal-opendata.json",
        "value": "Modèle de fiche CIGAL (open data)",
        "value_fr": "Modèle de fiche CIGAL (données ouvertes)",
        "value_en": "CIGAL model (open data)"
    }, {
        "path": "config/models/model-bdocs-cigal-2011-12.json",
        "value": "Modèle de fiche BdOCS CIGAL 2011/12",
        "value_fr": "Modèle de fiche BdOCS CIGAL 2011/12",
        "value_en": "BdOCS CIGAL 2011/12 model"
    }]
}
