{
    "description": "List of vews",
    "list": [{
        "path": "config/views/edit/tpl-edit.html",
        "values": {
            "fr": "Edition",
            "en": "Edit"
        },
        "locales": {
            "fr": "config/views/edit/tpl-edit_fr.json",
            "en": "config/views/edit/tpl-edit_en.json"
        }
    }, {
        "path": "config/views/view/tpl-view.html",
        "values": {
            "fr": "Vue",
            "en": "View"
        },
        "locales": {
            "fr": "config/views/view/tpl-view_fr.json",
            "en": "config/views/view/tpl-view_en.json"
        }
    }]
}
