<?xml version="1.0" encoding="UTF-8"?>
<gmd:MD_Metadata
    xmlns="http://www.isotc211.org/2005/gmd"
    xmlns:gco="http://www.isotc211.org/2005/gco"
    xmlns:gts="http://www.isotc211.org/2005/gts"
    xmlns:xs="http://www.w3.org/2001/XMLSchema"
    xmlns:gml="http://www.opengis.net/gml/3.2"
    xmlns:gsr="http://www.isotc211.org/2005/gsr"
    xmlns:gmx="http://www.isotc211.org/2005/gmx"
    xmlns:gss="http://www.isotc211.org/2005/gss"
    xmlns:xlink="http://www.w3.org/1999/xlink"
    xmlns:gmd="http://www.isotc211.org/2005/gmd"
    xmlns:srv="http://www.isotc211.org/2005/srv"
    xmlns:xsi="http://www.w3.org/2001/XMLSchema-instance"
    xmlns:xi="http://www.w3.org/2001/XInclude" xsi:schemaLocation="http://www.isotc211.org/2005/gmd http://schemas.opengis.net/iso/19139/20060504/gmd/gmd.xsd">
    <gmd:fileIdentifier>
        <gco:CharacterString>4fee61e1-9037-44fe-afb5-8d2c7727e2c5</gco:CharacterString>
    </gmd:fileIdentifier>
    <gmd:language>
        <gmd:LanguageCode codeList="http://www.loc.gov/standards/iso639-2/" codeListValue="fre">fre</gmd:LanguageCode>
    </gmd:language>
    <gmd:hierarchyLevel>
        <gmd:MD_ScopeCode codeList="http://standards.iso.org/ittf/PubliclyAvailableStandards/ISO_19139_Schemas/resources/Codelist/ML_gmxCodelists.xml#MD_ScopeCode" codeListValue="dataset">dataset</gmd:MD_ScopeCode>
    </gmd:hierarchyLevel>
    <gmd:contact/>
    <gmd:dateStamp>
        <gco:Date>2016-07-05</gco:Date>
    </gmd:dateStamp>
    <gmd:metadataStandardName>
        <gco:CharacterString>ISO 19115/19139</gco:CharacterString>
    </gmd:metadataStandardName>
    <gmd:metadataStandardVersion>
        <gco:CharacterString>Cor 1:2006</gco:CharacterString>
    </gmd:metadataStandardVersion>
    <gmd:referenceSystemInfo/>
    <gmd:identificationInfo>
        <gmd:MD_DataIdentification>
            <gmd:citation>
                <gmd:CI_Citation>
                    <gmd:title>
                        <gco:CharacterString>Title get from model</gco:CharacterString>
                    </gmd:title>
                    <gmd:date/>
                    <gmd:identifier/>
                    <gmd:identifier/>
                </gmd:CI_Citation>
            </gmd:citation>
            <gmd:pointOfContact/>
            <gmd:resourceMaintenance>
                <gmd:MD_MaintenanceInformation>
                    <gmd:maintenanceAndUpdateFrequency>
                        <gmd:MD_MaintenanceFrequencyCode codeList="http://standards.iso.org/ittf/PubliclyAvailableStandards/ISO_19139_Schemas/resources/Codelist/ML_gmxCodelists.xml#MD_MaintenanceFrequencyCode" codeListValue="unknown">unknown</gmd:MD_MaintenanceFrequencyCode>
                    </gmd:maintenanceAndUpdateFrequency>
                </gmd:MD_MaintenanceInformation>
            </gmd:resourceMaintenance>
            <gmd:graphicOverview/>
            <gmd:descriptiveKeywords>
                <gmd:MD_Keywords>
                    <gmd:keyword/>
                    <gmd:type>
                        <gmd:MD_KeywordTypeCode codeList="http://www.isotc211.org/2005/resources/codeList.xml#MD_KeywordTypeCode" codeListValue="theme">theme</gmd:MD_KeywordTypeCode>
                    </gmd:type>
                    <gmd:thesaurusName>
                        <gmd:CI_Citation>
                            <gmd:title>
                                <gco:CharacterString>tt</gco:CharacterString>
                            </gmd:title>
                            <gmd:date>
                                <gmd:CI_Date>
                                    <gmd:date>
                                        <gco:Date>2015-03-25</gco:Date>
                                    </gmd:date>
                                    <gmd:dateType>
                                        <gmd:CI_DateTypeCode codeList="http://standards.iso.org/ittf/PubliclyAvailableStandards/ISO_19139_Schemas/resources/Codelist/ML_gmxCodelists.xml#CI_DateTypeCode" codeListValue="publication">publication</gmd:CI_DateTypeCode>
                                    </gmd:dateType>
                                </gmd:CI_Date>
                            </gmd:date>
                        </gmd:CI_Citation>
                    </gmd:thesaurusName>
                </gmd:MD_Keywords>
            </gmd:descriptiveKeywords>
            <gmd:resourceConstraints/>
            <gmd:resourceConstraints>
                <gmd:MD_LegalConstraints>
                    <gmd:useLimitation>
                        <gco:CharacterString></gco:CharacterString>
                    </gmd:useLimitation>
                    <gmd:accessConstraints>
                        <gmd:MD_RestrictionCode codeList="http://standards.iso.org/ittf/PubliclyAvailableStandards/ISO_19139_Schemas/resources/Codelist/ML_gmxCodelists.xml#MD_RestrictionCode" codeListValue="otherConstraints">otherConstraints</gmd:MD_RestrictionCode>
                    </gmd:accessConstraints>
                    <gmd:useConstraints>
                        <gmd:MD_RestrictionCode codeList="http://standards.iso.org/ittf/PubliclyAvailableStandards/ISO_19139_Schemas/resources/Codelist/ML_gmxCodelists.xml#MD_RestrictionCode" codeListValue=""></gmd:MD_RestrictionCode>
                    </gmd:useConstraints>
                    <gmd:otherConstraints>
                        <gco:CharacterString>Pas de restriction d'accès public selon INSPIRE</gco:CharacterString>
                    </gmd:otherConstraints>
                </gmd:MD_LegalConstraints>
            </gmd:resourceConstraints>
            <gmd:resourceConstraints>
                <gmd:MD_SecurityConstraints>
                    <gmd:classification>
                        <gmd:MD_ClassificationCode codeList="http://standards.iso.org/ittf/PubliclyAvailableStandards/ISO_19139_Schemas/resources/Codelist/ML_gmxCodelists.xml#MD_ClassificationCode" codeListValue="unclassified">unclassified</gmd:MD_ClassificationCode>
                    </gmd:classification>
                </gmd:MD_SecurityConstraints>
            </gmd:resourceConstraints>
            <gmd:resourceConstraints>
                <gmd:MD_SecurityConstraints>
                    <gmd:useLimitation>
                        <gco:CharacterString></gco:CharacterString>
                    </gmd:useLimitation>
                </gmd:MD_SecurityConstraints>
            </gmd:resourceConstraints>
            <gmd:language>
                <gmd:LanguageCode codeList="http://www.loc.gov/standards/iso639-2/" codeListValue="fre">fre</gmd:LanguageCode>
            </gmd:language>
            <gmd:characterSet>
                <gmd:MD_CharacterSetCode codeList="http://www.isotc211.org/2005/resources/codeList.xml#MD_CharacterSetCode" codeListValue="utf8">utf8</gmd:MD_CharacterSetCode>
            </gmd:characterSet>
            <gmd:topicCategory/>
            <gmd:extent/>
        </gmd:MD_DataIdentification>
    </gmd:identificationInfo>
    <gmd:distributionInfo>
        <gmd:MD_Distribution>
            <gmd:distributionFormat/>
            <gmd:transferOptions>
                <gmd:MD_DigitalTransferOptions>
                    <gmd:onLine/>
                </gmd:MD_DigitalTransferOptions>
            </gmd:transferOptions>
        </gmd:MD_Distribution>
    </gmd:distributionInfo>
    <gmd:dataQualityInfo>
        <gmd:DQ_DataQuality>
            <gmd:scope>
                <gmd:DQ_Scope>
                    <gmd:level>
                        <gmd:MD_ScopeCode codeList="http://standards.iso.org/ittf/PubliclyAvailableStandards/ISO_19139_Schemas/resources/Codelist/ML_gmxCodelists.xml#MD_ScopeCode" codeListValue="dataset">dataset</gmd:MD_ScopeCode>
                    </gmd:level>
                </gmd:DQ_Scope>
            </gmd:scope>
            <gmd:report/>
        </gmd:DQ_DataQuality>
    </gmd:dataQualityInfo>
</gmd:MD_Metadata>