{
    "description": "List of default models",
    "list": [{
        "path": "config/models/model-empty.json",
        "value": "Modèle de fiche vierge (nouvelle version)",
        "value_fr": "Modèle de fiche vierge (nouvelle version)",
        "value_en": "Empty model (new)"
    }, {
        "path": "config/models/model-test.json",
        "value": "Fiche de test (nouvelle version)",
        "value_fr": "Fiche de test (nouvelle version)",
        "value_en": "Test model (new)"
    }, {
        "path": "config/models/model-opendata.json",
        "value": "Modèle de fiche open data",
        "value_fr": "Modèle de fiche opden data",
        "value_en": "Open data model"
    }, {
        "path": "config/models/model-bdocs_cigal.json",
        "value": "Exemple de fiche BdOCS 2011-12 CIGAL V2",
        "value_fr": "Exemple de fiche BdOCS 2011-12 CIGAL V2",
        "value_en": "BdOCS 2011-12 CIGAL V2 example"
    }, {
        "path": "config/models/md-test.json",
        "value": "Fiche de test (ancienne version)",
        "value_fr": "Fiche de test (ancienne version)",
        "value_en": "Test model (old)"
    }]
}
